event_type,time_of_day,mood,fragrance_id,name,brand,retrieval_text,relevance_score
Date Night,Morning,Fresh,11371,Distinct for Women,Louis Varel,"Distinct for Women by Louis Varel | Notes: Grapefruit, Green apple, Peach | Freesia, Iris, Orange blossom | Musk, Patchouli, Praliné",0.6
Date Night,Morning,Fresh,30144,SeeByChloé Si Belle,Chloé,"SeeByChloé Si Belle by Chloé | Notes: Birch leaf, Neroli | Orange blossom, Gardenia | White musk",0.8
Date Night,Morning,Fresh,4989,Bellagio,Primera Perfumes,"Bellagio by Primera Perfumes | Notes: Blackcurrant, Cinnamon, Clove, Raspberry, Rose | Patchouli, Sandalwood | Amber, Frankincense, Musk, White oud",0.3
Date Night,Morning,Fresh,957,Air Lotto 2011 After Shave,Lotto,"Air Lotto 2011 After Shave by Lotto | Notes: Amalfi lemon | Cardamom, Ginger, Sage | Oakmoss, Sandalwood, Virginia cedar",0.1
Date Night,Morning,Fresh,9898,Country.,Colornoise,"Country. by Colornoise | Notes: Lavender, Green leaves, Bergamot, Gymwear | Musk, Jasmine, Lily of the valley, Raspberry | Coffee, Vanilla, Amber, Patchouli, Sandalwood",0.4
Wedding,Evening,Bold,11806,Dream ＋ GAP 2001 Body Mist,GAP,"Dream ＋ GAP 2001 Body Mist by GAP | Notes: Rose, Spices | Saffron, Musk, Amber, Vanilla | Cedar, Oud, Sandalwood",0.7
Wedding,Evening,Bold,32655,Tommy Now Them,Tommy Hilfiger,"Tommy Now Them by Tommy Hilfiger | Notes: Bergamot, Mandarin orange, Pear, Pink pepper | Cardamom, Geranium, Ginger | Cashmeran, Moss, Sandalwood",0.6
Wedding,Evening,Bold,13254,Erdenstern,April Aromatics,"Erdenstern by April Aromatics | Notes: Bergamot, Blackcurrant, Passion fruit, Sewer | Jasmine, Peony, Rose, Vanilla, Finglebop | Musk, Patchouli",0.3
Wedding,Evening,Bold,21419,Le Paradis de Nina,Nina Ricci,"Le Paradis de Nina by Nina Ricci | Notes: Almond, Orange, Mandarin orange, Orange blossom | Gardenia, Heliotrope, Red apple | Vanilla, Patchouli, Sandalwood, Woods",0.5
Wedding,Evening,Bold,11445,Dkhoun Red Tea EDP,Al Dakheel Oud,"Dkhoun Red Tea EDP by Al Dakheel Oud | Notes: Fruity Notes, Bergamot | Roses, Spices, Flowers | Musk, Moss, Amber",0.8
Gala,Morning,Subtle,8839,Citrus Fresh E&S Rasage 1988 Eau de Toilette,E&S Rasage,"Citrus Fresh E&S Rasage 1988 Eau de Toilette by E&S Rasage | Notes: Spearmint, Bergamot, Tagetes, Lavender, Lemon, Tarragon, Vorblex | Heliotrope, Laurel, Vetiver, Aniseed, Carnation, Geranium, Jasmine, Patchouli, Rosemary | Tonka bean, Amber, Benzoin, Leather, Moss, Vanilla, Patchouli",0.3
Gala,Morning,Subtle,8814,Citron Boboli,Le Jardin Retrouvé,"Citron Boboli by Le Jardin Retrouvé | Notes: Italian lemon, Galbanum, Bitter orange, Cinnamon, Lime, Petitgrain | Clove, Black pepper, Geranium | Musk, Vanilla",0.4
Gala,Morning,Subtle,34403,Victoria's Secret Pink Golden Honey Body Mist - 250 ml,250 ml,"Victoria's Secret Pink Golden Honey Body Mist - 250 ml by 250 ml | Notes: Honey | Honeysuckle, Pear | Amber, Vanilla",0.1
Gala,Morning,Subtle,20173,Kuwait,Roja Parfums,"Kuwait by Roja Parfums | Notes: Citron, Rosemary | Cistus, Peach, Geranium, Grasse jasmine, Heliotrope, May rose, Orange blossom, Violet, Blackcurrant bud | Oud, Musk, Ambergris, Birch, Cashmere wood, Labdanum, Saffron, Sandalwood, Vanilla, Benzoin, Civet, Leather, Rhubarb, Tonka bean, Oakmoss, Patchouli",0.8
Gala,Morning,Subtle,24825,Must de Cartier Cartier Fond de Parfum,Cartier,"Must de Cartier Cartier Fond de Parfum by Cartier | Notes: Galbanum, Mandarin orange, Neroli | Jasmine, Narcissus, Rose | Musk, Vanilla, Vetiver",0.6
Festival,Night,Fresh,33721,Van Cleef & Arpels Neroli Amaral,Van Cleef & Arpels,"Van Cleef & Arpels Neroli Amaral by Van Cleef & Arpels | Notes: Bergamot, Italian Lemon, Mandarin Orange, Pink Pepper | Black Pepper, Cypress, Orange Blossom, Pear | Neroli, White Musk",0.8
Festival,Night,Fresh,14619,Fleur Défendue Forbidden Flower,Lolita Lempicka,"Fleur Défendue Forbidden Flower by Lolita Lempicka | Notes: Green notes, Strawberry leaf, Green stems | Violet, Aniseed, Peony | Sour cherry, Almond, Musk",0.3
Festival,Night,Fresh,28020,Pure for Men Jil Sander 2004 After Shave,Jil Sander,"Pure for Men Jil Sander 2004 After Shave by Jil Sander | Notes: Juniper berry, Mandarin orange, Fir resin | White musk | Mahogany wood, Sandalwood, Vanilla",0.2
Festival,Night,Fresh,12678,Elfenparfum - Umarm Dich,Wolken Parfums,"Elfenparfum - Umarm Dich by Wolken Parfums | Notes: Green notes, Mandarin orange, Tea | Lily of the valley, Peach, Rose | Blossoms, Dried fruits",0.6
Festival,Night,Fresh,34183,Very M.C.,MCM,"Very M.C. by MCM | Notes: Bergamot, Blackcurrant, Caraway, Curly mint, Green notes, Lavender, Lemon, Mandarin orange, Marine notes, Melon, Pineapple | Cyclamen, Gardenia, Geranium, Jasmine, Orange blossom, Orchid | Ambergris, Cinnamon, Musk, Sandalwood, Vetiver",0.7
Casual,Morning,Fresh,5883,Blue Glow,Jennifer Lopez,"Blue Glow by Jennifer Lopez | Notes: Mangosteen, Currant blossom, Orange | Aquatic notes, Orchid, Rose, Water lily | Cedar, Florymoss®, Mahogany wood, Tonka bean, Vanilla",0.6
Casual,Morning,Fresh,6285,Bond No 9 B9 Perfume,Bond No 9,"Bond No 9 B9 Perfume by Bond No 9 | Notes: Saffron, Citric notes | Orange flowers, jasmine, balsam, sandalwood | Saffron, Cedar, Pink Pepper",0.3
Casual,Morning,Fresh,209,Abreez Hair Mist Bundle,,Abreez Hair Mist Bundle | Notes: Patchouli,0.2
Casual,Morning,Fresh,16924,Habit Rouge Guerlain 2009 Extrait,Guerlain,"Habit Rouge Guerlain 2009 Extrait by Guerlain | Notes: Lemon, Lime, Orange, Bergamot | Patchouli, Spices | Vanilla, Leather",0.1
Casual,Morning,Fresh,15043,Forever Moschino 2011 After Shave Lotion,Moschino,"Forever Moschino 2011 After Shave Lotion by Moschino | Notes: Kumquat, Star anise, Bergamot | Tonka bean, Clary sage, Black pepper | Sandalwood, Musk, Vetiver",0.4
Casual,Morning,Mysterious,27302,Phtaloblue,Tauer Perfumes,"Phtaloblue by Tauer Perfumes | Notes: Fennel, Bulgarian lavender, Sicilian lemon, Bergamot | Rock samphire, Bourbon geranium, Orange blossom | Tonka bean, Amber, Cedar",0.6
Casual,Morning,Mysterious,4956,Bella Blanca,Oscar de la Renta,"Bella Blanca by Oscar de la Renta | Notes: Freesia, Blackcurrant, Green pear, Mandarin orange | Violet leaf, White rose, Jasmine sambac, Lily of the valley | Kashmiri musk, Ambrox, Peach skin, Sandalwood",0.7
Casual,Morning,Mysterious,28912,Roja Parfums 2019 Hair Mist,Roja Parfums,"Roja Parfums 2019 Hair Mist by Roja Parfums | Notes: Bergamot | Grasse jasmine, May rose, Raspberry, Lily, Lily of the valley, Orange blossom, Tuberose, Ylang-ylang, Gardenia | Vanilla, Cashmere wood, Iris, Aniseed, Benzoin, Cinnamon, Clove, Patchouli, Sandalwood, Violet leaf",0.3
Casual,Morning,Mysterious,7670,Carmen,The Saltworks Company,"Carmen by The Saltworks Company | Notes: Black cherry | Cumin, Heliotrope, Saffron | Ambergris, Cedar, Fir balsam",0.2
Casual,Morning,Mysterious,28604,Remal Rose & Oud Bakhoor - 60 gm,WAW,Remal Rose & Oud Bakhoor - 60 gm by WAW | Notes: Berries | Oud Notes,0.0
Gala,Afternoon,Bold,3538,Artemisia,Marcoccia / Officine del Profumo,"Artemisia by Marcoccia / Officine del Profumo | Notes: Artemisia, Mint | Lavender, Orange blossom | Amber, Cedar, Musk, Sandalwood, Vanilla",0.6
Gala,Afternoon,Bold,14795,Florentina,Sylvaine Delacourte,"Florentina by Sylvaine Delacourte | Notes: Galbanum, Lemon grass, Peach, Nausea | Jasmine, Hyacinth, Magnolia | Moss, Cedar, Musk",0.4
Gala,Afternoon,Bold,33490,Unique,Rasasi,"Unique by Rasasi | Notes: Bergamot, Coriander, Hyacinth, Rosewood | Carnation, Iris, Jasmine, Rose, Tuberose, Ylang-ylang | Oakmoss, Patchouli, Vetiver",0.7
Gala,Afternoon,Bold,24919,Mystic Bloom,M. Asam,"Mystic Bloom by M. Asam | Notes: Honey, Peach, Tangerine, Wine Grape | Gardenia, Jasmine, Orange blossom | Patchouli, Toffee, Vanilla",0.3
Gala,Afternoon,Bold,24436,Moonlight Bloom Christina Aguilera 2021 Eau de Parfum,Christina Aguilera,"Moonlight Bloom Christina Aguilera 2021 Eau de Parfum by Christina Aguilera | Notes: Blackcurrant, Plum, Dahlia | Night-blooming jasmine, Rose, Narcissus | Musk, Ambrette seed, Sandalwood",0.5
Wedding,Morning,Mysterious,35369,Yaringa,Parfums d'Elmar,"Yaringa by Parfums d'Elmar | Notes: Coconut, Kelp, Vanilla, Myrtle | Salt, White thyme, Cedar, Passion fruit | Sweet notes, Musk, Woody notes",0.2
Wedding,Morning,Mysterious,25909,Octavian,Electimuss,"Octavian by Electimuss | Notes: Pink pepper, Saffron | Taif rose, Bulgarian rose, Persian frankincense | Persian oud, Amber, Leather",0.1
Wedding,Morning,Mysterious,4624,Basile Argento Basile 1976 Eau de Toilette,Basile,"Basile Argento Basile 1976 Eau de Toilette by Basile | Notes: Bergamot, Clove, Cumin, Lemon, Orange, Disgust | Lavender, Rosemary | Cedarwood, Gaiac wood, Patchouli, Tonka bean, Spoil",0.1
Wedding,Morning,Mysterious,4711,Baug Sons Creation Intense Noir Homme EDP,Baug Sons,Baug Sons Creation Intense Noir Homme EDP by Baug Sons | Notes: Oriental notes | Citrus | Aromatic,0.3
Wedding,Morning,Mysterious,2361,Amour de Cacao,Comptoir Sud Pacifique,"Amour de Cacao by Comptoir Sud Pacifique | Notes: Orange zest | Cocoa, Starfruit | Vanilla",0.4
Date Night,Afternoon,Warm,15472,Futaina Junaid Perfumes Hair Mist,Junaid Perfumes,Futaina Junaid Perfumes Hair Mist by Junaid Perfumes | Notes: White musk | Rose | Jasmine,0.8
Date Night,Afternoon,Warm,30335,Shakespeare Dark Lady EDP,Shakespeare Perfume,"Shakespeare Dark Lady EDP by Shakespeare Perfume | Notes: Rose, Citrus, Orange Blossom | Strawberry Leaves, Strawberry, Jasmine | Amber, Musk, Vanilla",0.9
Date Night,Afternoon,Warm,12893,Emotion Helena Rubinstein 1960 Eau de Toilette,Helena Rubinstein,"Emotion Helena Rubinstein 1960 Eau de Toilette by Helena Rubinstein | Notes: Aldehydes, Green notes | Iris, Jasmine, Lilac, Lily of the valley, Rose | Amber, Moss, Woods",0.3
Date Night,Afternoon,Warm,11483,DKNY Women Summer 2015,DKNY / Donna Karan,"DKNY Women Summer 2015 by DKNY / Donna Karan | Notes: Grapefruit, Orange | Carnation, Iris, Lily | Fir resin, Patchouli, Vanilla",0.4
Date Night,Afternoon,Warm,11844,Du Bois,Carnival Wax,"Du Bois by Carnival Wax | Notes: Bergamot, Blackcurrant, Grapefruit, Quarklox | Damask rose, Jasmine, Lily of the valley, Peach, Pink peony, Rose | Sandalwood, White musk",0.7
Gala,Morning,Bold,32714,Tory Burch Jolie Fleur Bleue,Tory Burch,"Tory Burch Jolie Fleur Bleue by Tory Burch | Notes: Tuberose, Grapefruit, Sandalwood | Jasmine, Vetiver, Mandarin Orange, Pink Pepper | Violet Leaf, Cassis, Peony, Amber, Cedar",0.6
Gala,Morning,Bold,15911,Giorgio Armani GardÃ©nia Antigua EDT,Giorgio Armani,"Giorgio Armani GardÃ©nia Antigua EDT by Giorgio Armani | Notes: Mandarin Orange, Pink Pepper, Neroli | Gardenia, Ylang-Ylang, Jasmine | White Musk, Ambergris, Patchouli",0.7
Gala,Morning,Bold,35556,Yves Saint Laurent Supreme Bouquet,Yves Saint Laurent,"Yves Saint Laurent Supreme Bouquet by Yves Saint Laurent | Notes: Bergamot, Pink Pepper | Ylang-Ylang, Tuberose | Amber, Woody Notes, Patchouli.",0.8
Gala,Morning,Bold,27987,Pumpkin Cupcake,Bath & Body Works,"Pumpkin Cupcake by Bath & Body Works | Notes: Roasted pecan, Apple, Orange zest | Cake, Jasmine | Vanilla cream, Amber, Cinnamon",0.1
Gala,Morning,Bold,21001,Lalique L'origine Or Intemporel Noir Premier 1888,Lalique,"Lalique L'origine Or Intemporel Noir Premier 1888 by Lalique | Notes: Cardamom, Bergamot, Black Pepper | Coffee, Tabacco, Violet | Vanilla, Tolu, Patchouli",0.3
Business,Evening,Mysterious,4651,Batalat Forever EDP,Batalat,"Batalat Forever EDP by Batalat | Notes: Patchouli, Vetiver, Amber | Musk, Cocoa, Leather | Bergamot, pink pepper, lavender",0.8
Business,Evening,Mysterious,27911,Privato Diavolo,Banderas,"Privato Diavolo by Banderas | Notes: Clary sage, Rotting Flower | Gaiac wood, Noxiousness | Patchouli, Flabtus",0.2
Business,Evening,Mysterious,21951,Like Squad for Him,Springfield,"Like Squad for Him by Springfield | Notes: Citrus notes | Spicy notes | Tonka bean, Woody notes",0.3
Business,Evening,Mysterious,19879,Kenzo L'Eau Aquadisiac Pour Homme,Kenzo,"Kenzo L'Eau Aquadisiac Pour Homme by Kenzo | Notes: lime, yuzu, | cardamom, pink pepper, | guaiac wood",0.4
Business,Evening,Mysterious,32136,The Longing,House of Matriarch,"The Longing by House of Matriarch | Notes: Oud, Plum, Butter, Boronia, Jasmine | Honey, Osmanthus, Vanilla orchid, Orange blossom | Vanilla, Amber, Ambrette, Leather, Sandalwood",0.7
Wedding,Afternoon,Warm,4298,Bacio d'Estate - Lampone Dolce,Bottega Verde,"Bacio d'Estate - Lampone Dolce by Bottega Verde | Notes: Cardamom, Lemon, Pink pepper, Mud | Jasmine, Violet | Cedar, Musk, Sandalwood",0.6
Wedding,Afternoon,Warm,16898,Habanita Molinard 1924 Eau de Cologne,Molinard,"Habanita Molinard 1924 Eau de Cologne by Molinard | Notes: Bergamot, Orange blossom, Peach, Raspberry | Heliotrope, Iris, Lilac, Rose, Ylang-ylang, Jasmine | Vanilla, Musk, Ambreine, Benzoin, Cedarwood, Russian leather",0.3
Wedding,Afternoon,Warm,2653,Answer for Women,Parisvally,"Answer for Women by Parisvally | Notes: Bergamot, Galbanum, Lemon | Cedar leaf, Nutmeg | Exotic woods, Musk",0.2
Wedding,Afternoon,Warm,23985,Mioritic,Adi ale Van,"Mioritic by Adi ale Van | Notes: Grapefruit, Orange, Tangerine, Rotting Flower | Artemisia, Cardamom, Lavender, Ozonic notes | Cedarwood, Oakmoss, Patchouli, Sandalwood, Ash",0.1
Wedding,Afternoon,Warm,500,Acqua Orvalho,O Boticário,"Acqua Orvalho by O Boticário | Notes: Bergamot, Green notes, Neroli, Orange | Jasmine, Lavender, Patchouli | Amber, Elemi resin, Musk, Vetiver",0.5
Date Night,Morning,Subtle,33975,Vendetta Valentino 1991 Parfum,Valentino,"Vendetta Valentino 1991 Parfum by Valentino | Notes: Hyacinth, Orange blossom, Water lily | Ylang-ylang, Jasmine, Narcissus, Rose, Tagetes | Heliotrope, Musk, Myrrh, Patchouli",0.6
Date Night,Morning,Subtle,7912,Catherine,Masque,"Catherine by Masque | Notes: Grass, Rhubarb, Violet leaf | Indian tuberose absolute, Jasmine sambac absolute | Cashmeran, Musk, New Caledonian sandalwood, Vetiver",0.3
Date Night,Morning,Subtle,9592,Colour Me White Milton-Lloyd / Jean Yves Cosmetics Eau de Toilette,Milton-Lloyd / Jean Yves Cosmetics,"Colour Me White Milton-Lloyd / Jean Yves Cosmetics Eau de Toilette by Milton-Lloyd / Jean Yves Cosmetics | Notes: Pineapple, Bergamot, Green apple, Orange | Melon, Neroli, Rose | Musk, Cedar, Patchouli, Vanilla, Leather",0.2
Date Night,Morning,Subtle,241,Absolute Bright,Ajmal,"Absolute Bright by Ajmal | Notes: Blossoms | Blossoms | Musk, Woods",0.4
Date Night,Morning,Subtle,21209,Lattafa Sheikh Al Shuykh Concertrated Perfume,Lattafa,"Lattafa Sheikh Al Shuykh Concertrated Perfume by Lattafa | Notes: Citrus, Lemongras, Cedar | Sage, Lavender, Rosemary | Patchouli, Oud, Musk",0.1
Festival,Evening,Warm,3701,Athena Bright Breeze,Oriflame,"Athena Bright Breeze by Oriflame | Notes: Apple, Apricot, Bergamot | Aquatic flowers, Jasmine, Sweet pea | Musk, Sandalwood, Stone",0.6
Festival,Evening,Warm,17963,Ibisco,L'Erbolario,"Ibisco by L'Erbolario | Notes: Cardamom, Orange, Coriander, Elemi resin, Lemon | Ylang-ylang, Vanilla, Hibiscus, Jasmine, Orris butter, Rose | Amber, Patchouli, Musk",0.8
Festival,Evening,Warm,25304,New-York,Nicolaï / Parfums de Nicolaï,"New-York by Nicolaï / Parfums de Nicolaï | Notes: Lemon, Bergamot, Lemon petitgrain, Mugwort, Thyme | Clove, Lavender, Chamomile, Cinnamon, Black pepper | Oakmoss, Musk, Styrax, Tonka bean absolute, Frankincense",0.3
Festival,Evening,Warm,7809,Casamorati - Dolce Amalfi XerJoff Hair Mist,XerJoff,"Casamorati - Dolce Amalfi XerJoff Hair Mist by XerJoff | Notes: Quince, Apple, Cardamom, Saffron | Clove, Tolu balm, Frankincense | Vanilla, Musk, Tonka bean, Amber, Cedarwood",0.7
Festival,Evening,Warm,13309,Escapade en Orient,Margot & Tita,"Escapade en Orient by Margot & Tita | Notes: Bergamot, Pear, Rose | Geranium, Peony | Amber, Musky notes, Oud",0.4
Wedding,Night,Warm,9597,Colt,Evaflor,"Colt by Evaflor | Notes: Sicilian bergamot, Tunisian orange blossom, Ylang-ylang, Nutmeg, Cardamom | Turkish rose, Broom absolute, Florentine iris, Moroccan jasmine, Mysore sandalwood, Tar | Oakmoss, Haitian vetiver, Labdanum, Patchouli, Tolu balm, Peru balsam, Pungidity",0.7
Wedding,Night,Warm,22467,Loved Up - Feel Good.,Oriflame,"Loved Up - Feel Good. by Oriflame | Notes: Bergamot, Cardamom, Pink pepper, Plum | Black pepper, Heliotrope, Jasmine, Rose | Cedarwood, Musk, Sandalwood",0.6
Wedding,Night,Warm,31152,Spring Accord,Abercrombie & Fitch,"Spring Accord by Abercrombie & Fitch | Notes: Cherry, Mandarin orange, Pear, Chemical | Cherry blossom, Tiaré, White peony, Nebulonix | Praliné, Vanilla",0.3
Wedding,Night,Warm,2854,Aqua Allegoria Flora Nymphea,Guerlain,"Aqua Allegoria Flora Nymphea by Guerlain | Notes: Green notes, Wild berries, Citrus notes | Lilac, Honey, Orange blossom | Musk, Woods",0.4
Wedding,Night,Warm,20490,L'Instant de Guerlain Secret Touch Guerlain Parfum Gel,Guerlain,"L'Instant de Guerlain Secret Touch Guerlain Parfum Gel by Guerlain | Notes: Mandarin orange, Bergamot | Jasmine, Magnolia, Common elder, Iris, Ylang-ylang | Honey, Musk, Vanilla, Benzoin, Amber",0.8
Festival,Evening,Fresh,24645,Murmure Fragonard 2020 Parfum,Fragonard,"Murmure Fragonard 2020 Parfum by Fragonard | Notes: Basil, Italian bergamot, Ylang-ylang | Lily of the valley, Angelica, Rose | Gaiac wood, Musk, Vanilla",0.7
Festival,Evening,Fresh,31573,Sweet Escape - Strawberry Picnic,Bath & Body Works,"Sweet Escape - Strawberry Picnic by Bath & Body Works | Notes: Orange blossom, Lavender, Bergamot, Mint | Lily of the valley, Vanilla, Cedarwood | Musk, Amber, Patchouli, Sandalwood, Gasoline",0.3
Festival,Evening,Fresh,18314,Incanto Amity Salvatore Ferragamo 2016 Body Mist,Salvatore Ferragamo,"Incanto Amity Salvatore Ferragamo 2016 Body Mist by Salvatore Ferragamo | Notes: Satsuma | Star jasmine, White peach | White cedar, White musk",0.8
Festival,Evening,Fresh,20171,Kuvvet Mira,Schlossparfumerie Wolff & Sohn Stuttgart,"Kuvvet Mira by Schlossparfumerie Wolff & Sohn Stuttgart | Notes: Bergamot, Mandarin orange | White blossoms, Cedarwood, Iris | Musk, Vetiver, Sandalwood",0.6
Festival,Evening,Fresh,34324,Victoria's Secret Beach Dreams Forever Body Mist,Victoria's Secret,"Victoria's Secret Beach Dreams Forever Body Mist by Victoria's Secret | Notes: ,",0.9
Date Night,Night,Bold,14016,Fanfare,Thameen,"Fanfare by Thameen | Notes: Bergamot, Lemon, Neroli, Floral notes | Rosemary, Juniper berry, Vermouth | Precious woods, Musk, Vetiver, Patchouli",0.7
Date Night,Night,Bold,23280,Marbert Man Classic Marbert After Shave,Marbert,"Marbert Man Classic Marbert After Shave by Marbert | Notes: Lavender, Mugwort | Honey, Cinnamon, Juniper | Cedarwood, Amber, Patchouli",0.6
Date Night,Night,Bold,13730,Exclusive Collection - Arabian Nights,Arabian Eagle,"Exclusive Collection - Arabian Nights by Arabian Eagle | Notes: Apple, Bergamot, Green notes, Mandarin orange, Pink pepper, Vervain | Birch leaf, Currant, Geranium, Leather, Neroli, Sourmilk | Musk, Oak wood, Patchouli, Styrax, Vetiver",0.8
Date Night,Night,Bold,1014,Ajmal Violet Musc EDP,Ajmal,"Ajmal Violet Musc EDP by Ajmal | Notes: musky roses, lily of the valley, ylang-ylang, rose, musk | Violet blossom | Amber, Musk",0.5
Date Night,Night,Bold,7758,Cartier III L'heure Vertueuse,Cartier,"Cartier III L'heure Vertueuse by Cartier | Notes: Lavender | Rose, Patchouli, Saffron, White Wood | Oud, incense, musk",0.9
Festival,Evening,Bold,18222,Imperatrix Essence,AB 1882 / A. Biette & Fils,"Imperatrix Essence by AB 1882 / A. Biette & Fils | Notes: Praliné, Vanilla, Brine | Frankincense, Plum | Amber, Cashmere wood",0.6
Festival,Evening,Bold,13154,Enigma Roja Parfums 2019 Hair Mist,Roja Parfums,"Enigma Roja Parfums 2019 Hair Mist by Roja Parfums | Notes: Bergamot | Peach, May rose, Ylang-ylang, Geranium, Grasse jasmine, Heliotrope, Neroli | Sandalwood, Ambergris, Iris, Musk, Vanilla, Patchouli",0.8
Festival,Evening,Bold,1110,Al Dakheel Oud AL-Abaya EDP,Al Dakheel Oud,"Al Dakheel Oud AL-Abaya EDP by Al Dakheel Oud | Notes: Cherry, Almond, Black Currant | Oriental Mixture, Tonka Bean, Jasmine | Vanilla, Vetiver",0.7
Festival,Evening,Bold,28833,Rocabar Hermès 1998 Eau de Toilette,Hermès,"Rocabar Hermès 1998 Eau de Toilette by Hermès | Notes: Juniper, Coriander, Lemon, Bergamot | Cedar, Cypress, Cardamom, Carnation, Violet | Fir, Benzoin, Oakmoss, Patchouli, Vanilla",0.4
Festival,Evening,Bold,16218,Gold Jeans pour Homme,Roccobarocco,"Gold Jeans pour Homme by Roccobarocco | Notes: Bergamot, Juniper berry, Lavender, Lemon, Mastic | Artemisia, Cardamom, Clove, Jasmine, Nutmeg, Pepper, Plum, Tarragon | Ambergris, Cedar, Oakmoss, Sandalwood",0.3
Gala,Night,Fresh,25698,Nudo,Morph,Nudo by Morph | Notes: Erythroxylum coca | Cashmere | Frankincense,0.1
Gala,Night,Fresh,31164,Squash,Dana,"Squash by Dana | Notes: Bergamot, Lavender, Petitgrain | Carnation, Cyclamen, Fern, Geranium, Sandalwood, Vetiver | Amber, Moss, Musk, Tonka bean",0.3
Gala,Night,Fresh,22449,Love Train,Rich Hippie,"Love Train by Rich Hippie | Notes: Brazilian citrus fruits, French citrus fruits, Italian citrus fruits | Ylang-ylang | Vetiver",0.6
Gala,Night,Fresh,1826,Amati Yours,Evaflor,"Amati Yours by Evaflor | Notes: Passion fruit, Grapefruit, Mandarin orange | Freesia, Orchid, Plum | Cedar, Tonka bean, Vanilla",0.4
Gala,Night,Fresh,16131,Glimpse of Arravali,Kashतi,"Glimpse of Arravali by Kashतi | Notes: Blackcurrant, Green tea, Must | Cardamom, Lavender | Amber, Oud, Vetiver",0.2
Wedding,Morning,Warm,24440,Moonlight in Chiangmai,Dusita,"Moonlight in Chiangmai by Dusita | Notes: Japanese yuzu, Night-blooming jasmine | Benzoin Siam, Indian nutmeg | Myrrh, Thai teak wood, Haitian vetiver, Indonesian patchouli",0.6
Wedding,Morning,Warm,5990,Blue,Michael Malul,"Blue by Michael Malul | Notes: Apple, Blood orange, Honey pomelo, Melon, Plum | Black pepper, Geranium, Lavender, Neroli | Amber, Cedar, Musk, Patchouli, Sandalwood",0.3
Wedding,Morning,Warm,17544,HO 55,Holy Oud,"HO 55 by Holy Oud | Notes: Bergamot, Grapefruit, Spices | Neroli, Patchouli, Pink pepper, Violet | Benzoin, Leather, Raspberry",0.4
Wedding,Morning,Warm,587,Admiration Pure,Linn Young,"Admiration Pure by Linn Young | Notes: Fig, Green notes, Rose, Sourmilk | Aquatic notes, Coniferous woods, Iris, White peach, Dust | Amber, Musk, Tuberose",0.2
Wedding,Morning,Warm,24599,Muguet,Fragonard,"Muguet by Fragonard | Notes: Neroli, Pink pepper | Lily of the valley, Freesia, Jasmine | Cedar, Musk, Moss, Amber",0.7
Date Night,Evening,Subtle,1413,Alegria Hombre Adolfo Dominguez After Shave,Adolfo Dominguez,"Alegria Hombre Adolfo Dominguez After Shave by Adolfo Dominguez | Notes: Blood orange, Mandarin orange, Red grapefruit, Putrescence | Jasmine, Spoiled Spice | Cinnamon, Indian sandalwood, Saffron, Vanilla, Spoil",0.1
Date Night,Evening,Subtle,17367,Hermes Concentre de Pamplemousse Rose,Hermes,Hermes Concentre de Pamplemousse Rose by Hermes | Notes: Grape fruit | rose | Vetiver,0.7
Date Night,Evening,Subtle,6401,Boss Bottled United Hugo Boss 2018 Eau de Toilette,Hugo Boss,"Boss Bottled United Hugo Boss 2018 Eau de Toilette by Hugo Boss | Notes: Blood orange, Buchu, Ozone | Peppermint, Spearmint, Orris concrete | Cashmeran, Patchouli, Vetiver",0.6
Date Night,Evening,Subtle,32785,Tous Les Jours Dimanche,Tous Les Jours,"Tous Les Jours Dimanche by Tous Les Jours | Notes: Oranges, Grapefruit | Roses, Tobacco, Coffee, Tonka Bean | Amber, Patchouli, Musk",0.5
Date Night,Evening,Subtle,4430,Ballad No. 1,Elixir Attar,"Ballad No. 1 by Elixir Attar | Notes: Freesia, Green notes, Pink pepper, Violet, Quintozar | Lily, Lily of the valley, Peony, Rose | Cedarwood, Musk, Patchouli, Sandalwood, Dust",0.2
Date Night,Afternoon,Subtle,12567,Ego - Tigre,Armaf,"Ego - Tigre by Armaf | Notes: Metallic notes, Tangerine, Flibtix | Black pepper, Frankincense, Smoky notes, Carrion | Cedarwood, White amber",0.2
Date Night,Afternoon,Subtle,10759,Dazzle Intense,Al Haramain / الحرمين,"Dazzle Intense by Al Haramain / الحرمين | Notes: Elemi resin, Orange blossom, Tangerine | Plum, Iris, Jasmine | Praliné, Musk, Patchouli, Vanilla",0.7
Date Night,Afternoon,Subtle,192,Ablaze,Création Lamis,"Ablaze by Création Lamis | Notes: Mandarin orange, Pink pepper | Jasmine, Nutmeg | Patchouli, Vetiver",0.6
Date Night,Afternoon,Subtle,27444,Place Vendôme Boucheron 2013 Eau de Toilette,Boucheron,"Place Vendôme Boucheron 2013 Eau de Toilette by Boucheron | Notes: Yuzu, Osmanthus, Peony | Rose, Iris, Jasmine | White musk, Cedar",0.8
Date Night,Afternoon,Subtle,30717,Sleep - Rose + Lavender,Bath & Body Works,"Sleep - Rose + Lavender by Bath & Body Works | Notes: Bergamot, Grapefruit, Orange | Lily of the valley, Peach, Pear, Pineapple, Rose, Gasoline | Cedarwood, Musk, Sandalwood, Vanilla",0.1
Date Night,Afternoon,Bold,13017,Enchanted Jasmine Ensar Oud / Oriscent Attar,Ensar Oud / Oriscent,"Enchanted Jasmine Ensar Oud / Oriscent Attar by Ensar Oud / Oriscent | Notes: Basil, Lavender, Mango, Raspberry | Jasmine, Jasmine sambac, Jasminum grandiflorum | Ambergris, Bourbon vanilla, Musk, Orris root, Oud, Sandalwood",0.8
Date Night,Afternoon,Bold,2715,Anything Goes,Heymountain Cosmetics,"Anything Goes by Heymountain Cosmetics | Notes: Blood orange, Bergamot | Rose, Jasmine | Balsamic notes",0.6
Date Night,Afternoon,Bold,26891,Parfums de Marly Layton Exclusif EDP,Parfums de Marly,"Parfums de Marly Layton Exclusif EDP by Parfums de Marly | Notes: Almond, Mandarin Orange, Bergamot, Watery Notes | Civet, Geranium, Rose, Gardenia, Water Lily | Guaiac Wood, Laotian Oud, Vanilla, Coffee, Sandalwood, Indonesian Patchouli Leaf, Oakmoss, Amber, Pink Pepper",0.9
Date Night,Afternoon,Bold,1545,Allegra infused Vanilla,Aldi / Hofer,"Allegra infused Vanilla by Aldi / Hofer | Notes: Bergamot, Freesia, Rust | Labdanum, Tonka bean | Amber, Vanilla, Cedarwood",0.3
Date Night,Afternoon,Bold,25281,New Brand,New Brand,"New Brand by New Brand | Notes: Aldehydes, Bergamot | Rose, Ylang-ylang | Musk, Vetiver",0.5
Business,Afternoon,Warm,32397,Tiffany for Men Tiffany & Co. 1989 Cologne Concentrée,Tiffany & Co.,"Tiffany for Men Tiffany & Co. 1989 Cologne Concentrée by Tiffany & Co. | Notes: Cardamom, Green notes, Lemon, Bergamot, Lavender, Mandarin orange | Cinnamon, Aniseed, Carnation, Cedarwood, Jasmine, Nutmeg, Orris root, Patchouli, Rose, Sandalwood | Vanilla, Amber, Frankincense, Oakmoss, Tonka bean",0.7
Business,Afternoon,Warm,12587,Egyptian Musk Attar,Ensar Oud / Oriscent,"Egyptian Musk Attar by Ensar Oud / Oriscent | Notes: Carrot seed, Ginger, Pink pepper, Yuzu | Cedarwood, Jasmine, Narcissus, Tuberose | Indonesian oud, Bourbon vetiver, Castoreum, Mysore sandalwood, Patchouli, Sandalwood, Tibetan deer musk, Timor sandalwood",0.3
Business,Afternoon,Warm,4179,Azzaro 9 Azzaro 1984 Eau de Toilette,Azzaro,"Azzaro 9 Azzaro 1984 Eau de Toilette by Azzaro | Notes: Aldehydes, Pineapple, Bergamot, Mandarin orange | Lily, Tulip, Lily of the valley, Mimosa, Caraway, Dyer's-broom, Orange blossom, Rose, Tuberose, Wisteria, Ylang-ylang, Jasmine | Cedar, Oakmoss, Frankincense, Musk, Sandalwood, Vanilla",0.6
Business,Afternoon,Warm,7265,California Rêverie,Van Cleef & Arpels,"California Rêverie by Van Cleef & Arpels | Notes: Neroli, Mandarin orange | Jasmine, Frangipani | Beeswax, Vanilla",0.5
Business,Afternoon,Warm,25750,N° 1847 Western Valley Body Spray,Western Valley,"N° 1847 Western Valley Body Spray by Western Valley | Notes: Jasmine, Orange, Ylang-ylang | Iris, Musk, Vetiver | Cardamom, Cashmere wood, Cedar, Oud, Patchouli, Spices",0.4
Business,Morning,Subtle,4393,Baladin,Nicolaï / Parfums de Nicolaï,"Baladin by Nicolaï / Parfums de Nicolaï | Notes: Grapefruit, Mint, Thyme | Rosemary, Vetiver, Birch | Vanilla, Leathery notes",0.7
Business,Morning,Subtle,10730,Davidoff Champion,Davidoff,"Davidoff Champion by Davidoff | Notes: Bergamot, Lemon | Sage, Galbanum | Oakmoss, Cedar",0.6
Business,Morning,Subtle,6817,Bukhoor,Suhad Perfumes / سهاد,Bukhoor by Suhad Perfumes / سهاد | Notes: Oud | White musk | Oud,0.0
Business,Morning,Subtle,35172,Wood de Amber,Sunnamusk,"Wood de Amber by Sunnamusk | Notes: Cardamom, Davana, Lavender | Cedar, Iris | Amber, Patchouli",0.5
Business,Morning,Subtle,35706,Zigane Tzigane,Corday,"Zigane Tzigane by Corday | Notes: Hyssop, Maté, Black pepper | Cedarwood, Frankincense, Myrtle, Sandalwood | Labdanum, Amber, Myrrh, Benzoin",0.3
Festival,Afternoon,Warm,30186,Sempre Mio,Pantheon,"Sempre Mio by Pantheon | Notes: Milk, Strawberry, Cinnamon | Saffron, Vanilla, Patchouli | Musk, Oud, Vanilla, Amber, Sandalwood",0.8
Festival,Afternoon,Warm,33565,Urbanist Homme,Al Haramain / الحرمين,"Urbanist Homme by Al Haramain / الحرمين | Notes: Petitgrain, Lemon, Orange | Lavender, Jasmine, Rosemary | Musk, Sandalwood, Tonka bean, Amber",0.6
Festival,Afternoon,Warm,16443,Grapefruit Lime,The 7 Virtues,"Grapefruit Lime by The 7 Virtues | Notes: Lemon, Lime, Orange, Petitgrain | Bamboo, Cumin, Green tea, Juniper, Lily of the valley, Neroli | Amber, Cedarwood, Moss, Sandalwood",0.3
Festival,Afternoon,Warm,21334,Le Beau Mâle Summer Fragrance 2014,Jean Paul Gaultier,"Le Beau Mâle Summer Fragrance 2014 by Jean Paul Gaultier | Notes: Mint, Absinth | Lavender, Orange blossom, Sage | Musk",0.2
Festival,Afternoon,Warm,15825,Ginger Beer,Jo Malone,"Ginger Beer by Jo Malone | Notes: Ginger | Amyris, Cinnamon | Roasted oak, Vetiver",0.5
Wedding,Afternoon,Mysterious,12566,Eglantine,Fragonard,"Eglantine by Fragonard | Notes: Blackcurrant, Italian mandarin orange, Lychee | Rose absolute, Wild rose, Raspberry | Virginia cedar, White amber, White musk",0.3
Wedding,Afternoon,Mysterious,26689,Overture Woman,Amouage,"Overture Woman by Amouage | Notes: Apple brandy, Saffron, Bergamot | Benzoin, Cinnamon, Myrrh, Rosa centifolia, Geranium | Leather, Labdanum, Frankincense",0.1
Wedding,Afternoon,Mysterious,10796,De-Gnoming the Garden,Bubble and Geek,"De-Gnoming the Garden by Bubble and Geek | Notes: Fresh notes, Filth | Blossoms | Cedarwood, Musk, Oak, Noxiousness",0.0
Wedding,Afternoon,Mysterious,33940,Velvet Black Patchouli,Dolce & Gabbana,"Velvet Black Patchouli by Dolce & Gabbana | Notes: Indian papyrus, Davana, Tarocco orange | Coriander seed, Tobacco, Clary sage, Musk, Bulgarian rose | Patchouli, Caramel, Spanish labdanum, Vanilla, Venezuelan tonka bean",0.4
Wedding,Afternoon,Mysterious,29735,Samsara Guerlain Rosée Parfumée Rafraichissante,Guerlain,"Samsara Guerlain Rosée Parfumée Rafraichissante by Guerlain | Notes: Ylang-ylang, Green notes, Peach, Bergamot, Lemon | Carnation, Jasmine, Narcissus, Orris root, Rose, Violet | Sandalwood, Tonka bean, Vanilla, Amber, Iris, Musk",0.6
Casual,Night,Warm,12434,Eau Trouble,Brecourt,"Eau Trouble by Brecourt | Notes: Frankincense, Carrot, Tangerine | Orange blossom, Heliotrope, Tea | Iris, Musk, Cedarwood, Vetiver",0.6
Casual,Night,Warm,6556,Bouquet Marie-Louise,Clubman / Edouard Pinaud,"Bouquet Marie-Louise by Clubman / Edouard Pinaud | Notes: Labdanum | Patchouli, Rose, Saffron | Cedar, Oud, Sandalwood, Filth",0.2
Casual,Night,Warm,14787,Florence,Roberto Cavalli,"Florence by Roberto Cavalli | Notes: Blackcurrant, Mandarin orange | Orange blossom, Grapefruit, Hibiscus seed | Patchouli, Amber, Musk",0.7
Casual,Night,Warm,16316,Golden,Fiorucci,"Golden by Fiorucci | Notes: Grapefruit, Mandarin orange, White peach, Blimfark | Apple blossom, Lily of the valley, Pink rose, Red rose | Amber, White musk, Trungle",0.5
Casual,Night,Warm,12621,El Oud,Anfas,"El Oud by Anfas | Notes: Amber | Hinoki wood, Civet, Cypriol, Gurjum balsam | Oud, Sandalwood, Tolu balm, Tonka bean, Vanilla",0.3
Wedding,Evening,Mysterious,33551,Urban Hero Gold Edition,Jimmy Choo,"Urban Hero Gold Edition by Jimmy Choo | Notes: Blood orange, Pineapple | Provençal lavender, Tonka bean | Oakmoss, Sandalwood",0.3
Wedding,Evening,Mysterious,25747,Nutmeg Cedar,Scentsmith Perfumery,"Nutmeg Cedar by Scentsmith Perfumery | Notes: Bergamot, Black pepper, Blood orange, Grapefruit, Mandarin orange, Petitgrain | Aniseed, Apple, Jasmine, Neroli, Nutmeg, Patchouli | Amber, Cedar, Moss, Musk, Sandalwood, Vetiver",0.6
Wedding,Evening,Mysterious,14002,Fanan,Junaid Perfumes,"Fanan by Junaid Perfumes | Notes: Mandarin orange, Orange | Freesia, Rose | White musk",0.2
Wedding,Evening,Mysterious,22443,Love Secrets,Dana,"Love Secrets by Dana | Notes: Blackcurrant, Mandarin orange, Orange, Pink grapefruit | Florentine iris, Jasmine, Jasmine sambac | Ambergris, Musk, Tonka bean, Vanilla",0.7
Wedding,Evening,Mysterious,22065,Lipstick Rose,Editions de Parfums Frédéric Malle,"Lipstick Rose by Editions de Parfums Frédéric Malle | Notes: Violet, Grapefruit | Rose, Iris, Raspberry | Vanilla, White musk",0.4
Gala,Night,Subtle,34691,Volare Moments,Oriflame,"Volare Moments by Oriflame | Notes: Pear, Rose, Violet leaf | Freesia, Magnolia, Osmanthus, Peony | Cedar, Iris, Musk, Sandalwood",0.6
Gala,Night,Subtle,6618,Brass & Soul,Zaharoff,"Brass & Soul by Zaharoff | Notes: Juniper, Aquatic notes, Aromatic notes, Citrus notes, Mandarin orange | Bourbon geranium, Cypress, Gin, Jasmine, Lily of the valley, Provençal lavender, Spicy notes | Amber, Bushman's candle, Cedarwood, Moss, Patchouli, Smoky notes, Suede, Vanilla",0.2
Gala,Night,Subtle,31189,Stars,Milton-Lloyd / Jean Yves Cosmetics,"Stars by Milton-Lloyd / Jean Yves Cosmetics | Notes: Bergamot, Red fruits, Rosewood, Tea, Grease | Jasmine tea, May rose, Milk, Neroli, Oolong tea, Mothball | Black tea, Haitian vetiver, Musk, Tobacco",0.3
Gala,Night,Subtle,27019,Patchouli 24 Le Labo 2006 Eau de Parfum,Le Labo,"Patchouli 24 Le Labo 2006 Eau de Parfum by Le Labo | Notes: Patchouli | Birch, Styrax | Vanilla",0.1
Gala,Night,Subtle,22855,Magnetic Candy,Fine'ry,"Magnetic Candy by Fine'ry | Notes: Bergamot, Mandarin orange, Green leaves, Grimtak | Tuberose, Jasmine | Vanilla, Sandalwood, Musk",0.5
Festival,Afternoon,Mysterious,6996,Bvlgari Man Black Orient,Bvlgari,"Bvlgari Man Black Orient by Bvlgari | Notes: Rum, Cardamom | Tuberose, Taif rose | Leather, Oud",0.7
Festival,Afternoon,Mysterious,5109,Bergamote Benjoin,Marcus Spurway,"Bergamote Benjoin by Marcus Spurway | Notes: Bergamot, Nutmeg | Coriander, Vanilla | Benzoin, Patchouli",0.6
Festival,Afternoon,Mysterious,13259,Ermanno Scervino For Woman EDP,Thameen Fragrance,"Ermanno Scervino For Woman EDP by Thameen Fragrance | Notes: Bergamot, Grapefruit, Ginger, Cardamom | Leather - Sambac jasmin - Cedar Wood - Styrax | Patchouli - Cedar Wood - Musk",0.5
Festival,Afternoon,Mysterious,4853,Beau Acute Armaf Perfume Oil,Armaf,"Beau Acute Armaf Perfume Oil by Armaf | Notes: Bergamot, Lemon, Orange, Petitgrain | Jasmine, Lavender, Rose, Rosemary, Sage | Cedarwood, Musk, Sandalwood, Vetiver",0.3
Festival,Afternoon,Mysterious,21059,Lancome Lavandes Trianon,Lancome,Lancome Lavandes Trianon by Lancome | Notes: Caramel,0.1
Gala,Afternoon,Mysterious,1241,Al Majed For Oud Haiba Green EDP,Al Majed For Oud,"Al Majed For Oud Haiba Green EDP by Al Majed For Oud | Notes: Lily of the valley | Flowers, Tonka bean | Amber",0.6
Gala,Afternoon,Mysterious,16551,Greene Street,Etro,"Greene Street by Etro | Notes: Pink pepper, Basil, Nutmeg | Frankincense, Violet, Geranium | Ambergris, Benzoin, Labdanum, Sandalwood",0.7
Gala,Afternoon,Mysterious,3610,Aspects of 2,Folie à Plusieurs,"Aspects of 2 by Folie à Plusieurs | Notes: Lime, Peppermint, Rum | Tea, Pelargonium, Swamp | Vetiver, Cedar",0.2
Gala,Afternoon,Mysterious,21199,Lattafa Raâ€™ed Luxe EDP,Lattafa,"Lattafa Raâ€™ed Luxe EDP by Lattafa | Notes: Pink Pepper, Juniper, Pineapple, Watermelon, Jasmine, Silk tree blossom | Lavender, Sage, Cinnamon, Herbal Notes | Chestnut, Ice, Tonka Bean, Vanilla, Vetiver, Sandalwood, Amber, Strawberry, Musk",0.5
Gala,Afternoon,Mysterious,7841,Cashmeran Vanilla,Alyssa Ashley,"Cashmeran Vanilla by Alyssa Ashley | Notes: Bergamot, Night-blooming jasmine | Vanilla, Iris, White amber | Cashmeran, Musk, Salted caramel, Patchouli",0.3
Gala,Evening,Mysterious,33986,Venetian Violet Flower Water,Crabtree & Evelyn,"Venetian Violet Flower Water by Crabtree & Evelyn | Notes: Raspberry, Lychee, Mandarin orange | Italian violet, Peach, White peony | Cedarwood, Iris, Musk",0.6
Gala,Evening,Mysterious,34108,Versense,Versace,"Versense by Versace | Notes: Bergamot, Green mandarin orange, Prickly pear | Sea lily, Cardamom, Jasmine | Musk, Cedarwood, Olive wood, Sandalwood",0.4
Gala,Evening,Mysterious,24073,Miss Dior Dior 2015 Parfum pour les Cheveux,Dior,"Miss Dior Dior 2015 Parfum pour les Cheveux by Dior | Notes: Bergamot | Egyptian jasminum grandiflorum, Rose | Indonesian patchouli, Musk",0.7
Gala,Evening,Mysterious,28178,QS by s.Oliver Male s.Oliver 2009 After Shave Lotion,s.Oliver,"QS by s.Oliver Male s.Oliver 2009 After Shave Lotion by s.Oliver | Notes: Apple, Bergamot, Red berries, Starfruit | Geranium, Lavender, Nutmeg | Amber, Musk, Patchouli, Vanilla",0.1
Gala,Evening,Mysterious,33870,Vanity Sweet Bouquet,Samouraï Woman / サムライウーマン,"Vanity Sweet Bouquet by Samouraï Woman / サムライウーマン | Notes: Bergamot, Grapefruit, Mandarin orange | Jasmine, Lily of the valley, Orange blossom, White rose | Cedarwood, Musk, Red apple",0.5
Casual,Evening,Fresh,12441,EAU/02 Tanto Amore,Zara,"EAU/02 Tanto Amore by Zara | Notes: Blood orange, Cardamom, Juniper berry | Iris, Lavender, Pepper, Sage | Cedarwood, Patchouli, Vanilla, Vetiver",0.6
Casual,Evening,Fresh,776,Agneta,Eight & Bob,"Agneta by Eight & Bob | Notes: Nutmeg, Frankincense, Cardamom, Pepper, Bergamot | Coffee, Magnolan®, Frankincense | Ambrocenide®, Musk, Sandalwood, Woods, Amber",0.3
Casual,Evening,Fresh,23757,Micallef Studio - MP2 Mascara,M. Micallef,"Micallef Studio - MP2 Mascara by M. Micallef | Notes: Bergamot, Grapefruit | Patchouli, Sandalwood, Vetiver | Oakmoss, White musk",0.7
Casual,Evening,Fresh,12690,Elie Saab Essence No.9 Tubereuse,Elie Saab,"Elie Saab Essence No.9 Tubereuse by Elie Saab | Notes: tuberose | bergamot, cinnamon | musk",0.1
Casual,Evening,Fresh,34467,Vie privée Yves Rocher 1989 Eau de Toilette,Yves Rocher,"Vie privée Yves Rocher 1989 Eau de Toilette by Yves Rocher | Notes: Ylang-ylang, Orange blossom | Freesia, Jasmine, Rose | Iris, Musk, Sandalwood",0.5
Casual,Night,Subtle,6379,Boss Bitch (V.2),Aaron Terence Hughes,"Boss Bitch (V.2) by Aaron Terence Hughes | Notes: Peach, Coconut, Neroli absolute, Oud | Jasmine sambac, Cherry, Chocolate, Rose absolute | Ambergris, Thai oud, Musk, Sandalwood, Patchouli, Vanilla absolute",0.2
Casual,Night,Subtle,6875,Burberry Summer for Men 2010,Burberry,"Burberry Summer for Men 2010 by Burberry | Notes: Mandarin orange | Juniper berry, Mint, Thyme, Driftwood, Furze | Cedar, Ambergris, Musk, Sandalwood",0.7
Casual,Night,Subtle,29366,Ruby Crown Cologne Eau De Cologne,Ruby Crown,Ruby Crown Cologne Eau De Cologne by Ruby Crown | Notes: Lemon flowers,0.6
Casual,Night,Subtle,26007,Old Dry,Alain Daniel,"Old Dry by Alain Daniel | Notes: Saffron, Cardamom, Woody notes, Malodor | Patchouli, Sandalwood | Oud, Amber, Musk",0.1
Casual,Night,Subtle,25255,Neroli Jasmin Ambre Blanc,Bon Parfumeur,"Neroli Jasmin Ambre Blanc by Bon Parfumeur | Notes: Powdery notes, Vanilla, Gymwear | Musky notes | Balsamic notes, Sweet notes, Foulness",0.3
Gala,Afternoon,Warm,31166,st Impression Green,Chris Adams,"st Impression Green by Chris Adams | Notes: Apple, Bergamot, Lemon, Mandarin orange, Putridity | Blackcurrant, Jasmine, Orange blossom, Pink pepper, Tiaré, Ash | Amber, Cedar, Coconut, Vanilla",0.2
Gala,Afternoon,Warm,8697,Chypre Le Chypre Coty 1917 Eau de Toilette,Coty,"Chypre Le Chypre Coty 1917 Eau de Toilette by Coty | Notes: Bergamot, Civet, Sage | Jasmine, Orris root, Rose | Oakmoss, Labdanum",0.1
Gala,Afternoon,Warm,25344,Night Scented Jasmine Floris Eau de Toilette,Floris,"Night Scented Jasmine Floris Eau de Toilette by Floris | Notes: Green notes, Violet leaf, Citrus notes, Mandarin orange, Neroli | Gardenia, Jasmine, Lily, Mimosa, Narcissus, Ylang-ylang, Rose, Iris | Sandalwood, Amber, Musk, Vetiver",0.7
Gala,Afternoon,Warm,9352,Coeur d'Or,Yves de Sistelle,"Coeur d'Or by Yves de Sistelle | Notes: Bergamot, Freesia | Aquatic flowers, Carnation, Geranium, Jasmine, Rose | Cedarwood, Musk",0.4
Gala,Afternoon,Warm,2624,Annicke 2,Eight & Bob,"Annicke 2 by Eight & Bob | Notes: Fig, Hazelnut, Mandarin orange | Immortelle, Tuberose, Ylang-ylang | Cedarwood, Sandalwood, Vanilla",0.6
Date Night,Evening,Warm,3127,Aramis Bermuda Tonic,Aramis,"Aramis Bermuda Tonic by Aramis | Notes: Bergamot, Rum | Coconut, Pineapple, Salty notes | Cedar, Lemon",0.6
Date Night,Evening,Warm,8492,Chic,Jacques Battini,"Chic by Jacques Battini | Notes: Cinnamon, Dried fruits, Ginger | Heliotrope, Tobacco, Tonka bean | Benzoin, Musk, Vanilla, Dust",0.8
Date Night,Evening,Warm,15005,Forbidden Fruit,Shop Lavana,"Forbidden Fruit by Shop Lavana | Notes: Kiwi, Rhubarb | Blackberry blossom, Freesia, Lily | Amber, Cashmere wood, Musk, Pink musk",0.4
Date Night,Evening,Warm,19993,King of Flowers Alghabra Extrait de Parfum,Alghabra,"King of Flowers Alghabra Extrait de Parfum by Alghabra | Notes: Citrus notes, Pink pepper, Chlorine | Bay leaf, Cedar, Ginger, Jasmine, Carrion | Gaiac wood, Patchouli, Sandalwood",0.3
Date Night,Evening,Warm,16474,Green Carnation,Pell Wall Perfumes,"Green Carnation by Pell Wall Perfumes | Notes: Clove, Grass, Green mandarin orange | Carnation, Galbanum | Amber, Frankincense, Musk, Oakmoss",0.2
Business,Morning,Bold,31726,Tag-Her Armaf Body Spray,Armaf,"Tag-Her Armaf Body Spray by Armaf | Notes: Bergamot, Neroli, Pink pepper | Honeysuckle, Orange blossom, Iris, Jasmine, Rose | Caramel, Musk, Vanilla, Labdanum",0.6
Business,Morning,Bold,8264,Chanel NÂ°5 L'Eau Purse Spray Refills Gift Set (EDT 3 x 20 ml),Eau de Toilette,"Chanel NÂ°5 L'Eau Purse Spray Refills Gift Set (EDT 3 x 20 ml) by Eau de Toilette | Notes: Bergamot, Ylang-Ylang, Neroli, Aldehydes, Amalfi Lemon | Iris, Lily-of-the-Valley, Jasmine, Rose, Orris Root | Sandalwood, Vetiver, Vanilla, Oakmoss, Patchouli, Musk, Amber, Civetta",0.7
Business,Morning,Bold,12943,Emporio Armani - In Love With You,Giorgio Armani,"Emporio Armani - In Love With You by Giorgio Armani | Notes: Blackcurrant, Cherry, Raspberry | Rose, Jasmine | Vermouth",0.1
Business,Morning,Bold,32475,To Be - Miss Beat,Police,"To Be - Miss Beat by Police | Notes: Blackcurrant, Coconut blossom, Lily of the valley | Heliotrope, Rose, White peach | Amberwood, Cashmere wood, Vanilla",0.2
Business,Morning,Bold,4234,B. Balenciaga Skin,Balenciaga,"B. Balenciaga Skin by Balenciaga | Notes: Lemon, Lychee, Rose, Funk | Iris, Magnolia, Orange blossom, Rose absolute, Putrescence | Amber, Musk, Patchouli, Grim",0.3
Wedding,Night,Mysterious,26723,Pacific Isles,Swiss Arabian,"Pacific Isles by Swiss Arabian | Notes: Bergamot, Galbanum, Hyacinth, Iris, Lemon, Tuberose | Aldehydes, Clove, Jasmine, Orris root, Rose, Spicy notes, Violet, Ylang-ylang | Amber, Musk, Oakmoss, Patchouli, Sandalwood, Vetiver",0.6
Wedding,Night,Mysterious,20088,Kokain,Rammstein,"Kokain by Rammstein | Notes: Cocaine, Heroin | Fuel, Patchouli | Leather, Charred wood, Fire",0.0
Wedding,Night,Mysterious,3630,Assan,Siam 1928,"Assan by Siam 1928 | Notes: Ozone, Petitgrain, Galbanum, Bergamot, Lavender | Jasmine, Frankincense, Orange blossom, Styrax, Ylang-ylang | Algae, Sea salt, Cedar, Labdanum",0.3
Wedding,Night,Mysterious,24784,Musk of Flowers,Mancera,"Musk of Flowers by Mancera | Notes: Fruits, Grapefruit | Rose lokum, Jasmine, Orange blossom, Violet | White musk, Sandalwood",0.7
Wedding,Night,Mysterious,27476,Playful Otto Kern 1991 Eau de Parfum,Otto Kern,"Playful Otto Kern 1991 Eau de Parfum by Otto Kern | Notes: Bergamot, Green notes, Mandarin orange, Ozone, Nastiness | Geranium, Jasmine, Lily of the valley, Violet | Amber, Cedar, Musk, Patchouli, Sandalwood, Tonka bean",0.2
Business,Night,Mysterious,21241,Laurent Mazzone Hysteric,Laurent Mazzone,"Laurent Mazzone Hysteric by Laurent Mazzone | Notes: Mandarin, Cardamom | Orchid, Heliotrope, Ylang-Ylang, Peony, Jasmine | musk, heliotrope and amber.",0.6
Business,Night,Mysterious,14140,Fawn's Meadow Atelier Austin Press Eau de Parfum,Atelier Austin Press,"Fawn's Meadow Atelier Austin Press Eau de Parfum by Atelier Austin Press | Notes: Blackcurrant, Grapefruit, Pink pepper, Rubber | Bulgarian rose, Jasmine, Lily of the valley, Turkish rose, Burnt Electronics | Amber, Violet, White musk, Zorplox",0.2
Business,Night,Mysterious,30957,Souffle Ambré Réminiscence 2024 Eau de Toilette Intense,Réminiscence,"Souffle Ambré Réminiscence 2024 Eau de Toilette Intense by Réminiscence | Notes: Geranium, Clove | Cedarwood, Sandalwood, Patchouli | Vanilla, Benzoin, Musk, Amber",0.7
Business,Night,Mysterious,19484,Joyau Unique & Sensoriel Parfums Cuirissime EDP,Joyau Unique & Sensoriel Parfums,Joyau Unique & Sensoriel Parfums Cuirissime EDP by Joyau Unique & Sensoriel Parfums | Notes: Violet Leaves | Iris | Leather,0.3
Business,Night,Mysterious,15278,Fresco Victor 1981 Eau de Cologne,Victor,"Fresco Victor 1981 Eau de Cologne by Victor | Notes: Neroli, Mandarin orange, Grapefruit, Lemon, Orange | Mint, Bergamot, Coriander, Lavender, Basil, Rose, Thyme, Ylang-ylang | Moss, Sandalwood, Cedar, Vanilla",0.4
Festival,Morning,Fresh,28740,Risingwave Cruise - Safari Brave ライジングウェーブ クルーズ サファリブレイブ,Risingwave / ライジングウェーブ,"Risingwave Cruise - Safari Brave ライジングウェーブ クルーズ サファリブレイブ by Risingwave / ライジングウェーブ | Notes: Bergamot, Blackcurrant, Grapefruit | Geranium, Jasmine, Violet, Wild flowers | Amber, Musk, Oakmoss, Sandalwood, Tonka bean",0.7
Festival,Morning,Fresh,3362,Armani Privé - Orangerie Venise,Giorgio Armani,"Armani Privé - Orangerie Venise by Giorgio Armani | Notes: Bergamot, Black pepper, Buchu | Neroli, Petitgrain | Ambroxan, Cedarwood, Moss",0.6
Festival,Morning,Fresh,7219,Café del Mar,Ramón Monegal,"Café del Mar by Ramón Monegal | Notes: Yellow apple, Coffee, Kelp | Freesia, Lavender, Lily | Ambergris, Vanilla, Sand",0.3
Festival,Morning,Fresh,31705,Tabacco d'Autore,Farmacia SS. Annunziata,"Tabacco d'Autore by Farmacia SS. Annunziata | Notes: Labdanum, Sweet vernal grass, Artemisia, Bergamot | Tobacco, Leather | Amber, Patchouli, Cashmeran, Gaiac wood, Musk, Virginia cedar",0.1
Festival,Morning,Fresh,34421,Victoria's Secret Rush Body Mist,Victoria's Secret,"Victoria's Secret Rush Body Mist by Victoria's Secret | Notes: ,",0.8
Gala,Evening,Subtle,11064,Detchema Revillon 1953 Eau de Parfum,Revillon,"Detchema Revillon 1953 Eau de Parfum by Revillon | Notes: Aldehydes, Angelica, Bergamot, Hyacinth, Lime blossom, Narcissus, Neroli, Peach | Bulgarian rose, Carnation, Florentine iris, Grasse jasmine, Hyacinth, Lily of the valley, Ylang-ylang | Sycamore, Andean vetiver, Leather, Orris root, Peruvian ambrette seed, Sandalwood, Sumatra benzoin, Tibetan musk, Tonka bean",0.8
Gala,Evening,Subtle,1645,Alraheeb Awedony EDP,Alraheeb,"Alraheeb Awedony EDP by Alraheeb | Notes: Oud | Woods, Oud | Ambroxan, Cashmere Wood, Musk",0.2
Gala,Evening,Subtle,5836,Blu Uomo Acqua dell'Elba Eau de Parfum,Acqua dell'Elba,"Blu Uomo Acqua dell'Elba Eau de Parfum by Acqua dell'Elba | Notes: Mandarin orange, Orange, Sea lily | Cistus, Myrtle, Jasmine | Cedarwood, Mastic, Oakmoss",0.3
Gala,Evening,Subtle,8262,Chanel NÂ°5 Hair Mist,40 ml,Chanel NÂ°5 Hair Mist by 40 ml | Notes: Rose | Jasmine,0.6
Gala,Evening,Subtle,31920,Terre d'Hermès Eau Très Fraîche,Hermès,"Terre d'Hermès Eau Très Fraîche by Hermès | Notes: Citrus fruits, Orange, Aquatic notes | Geranium | Cedar, Woody notes, Patchouli",0.1
Wedding,Evening,Warm,1538,all'Olio di Argan,L'Erbolario,"all'Olio di Argan by L'Erbolario | Notes: Bergamot, Lemon | Jasmine, Lily of the valley | Hazelnut, Vanilla, Amber, Musk",0.7
Wedding,Evening,Warm,31789,Tangy Rhubarb,Jo Malone,"Tangy Rhubarb by Jo Malone | Notes: Rhubarb | Orange | Clary sage, Cedarwood",0.2
Wedding,Evening,Warm,7983,Celebrate,Marilyn Miglin,"Celebrate by Marilyn Miglin | Notes: Chinese tagetes, Frangipani, Gardenia, Jasmine sambac | Apricot, Frangipani, Magnolia, Mimosa, Peony, Waterlily | Musk, Teakwood",0.9
Wedding,Evening,Warm,27369,Pink Crush,Revolution,"Pink Crush by Revolution | Notes: Bergamot, Orange | Jasmine, Rose | Patchouli, Vetiver",0.6
Wedding,Evening,Warm,5954,Blue Sea,Metascent,"Blue Sea by Metascent | Notes: Cyclamen, Geranium | Watermelon | Driftwood, Sea salt",0.1
Business,Night,Subtle,12689,Elie Saab Essence No.8 Santal,Elie Saab,"Elie Saab Essence No.8 Santal by Elie Saab | Notes: Cedar, Vetiver, Cardamom | Cardamom, Chinese, Osmanthus | Apricot, Suede, Sandalwood",0.7
Business,Night,Subtle,17936,I'm a Rose - Cheerful Beauty チアフルビューティ Venus Spa / ヴィーナススパ 2017 Eau de Parfum,Venus Spa / ヴィーナススパ,"I'm a Rose - Cheerful Beauty チアフルビューティ Venus Spa / ヴィーナススパ 2017 Eau de Parfum by Venus Spa / ヴィーナススパ | Notes: Apple, Blackcurrant | Jasmine | Musk, Woody notes",0.2
Business,Night,Subtle,33415,Un Paseo por Madrid - Doré,Loewe,"Un Paseo por Madrid - Doré by Loewe | Notes: Cinnamon, Nutmeg, Orange blossom, Patchouli, Rose | Benzoin, Tonka bean absolute | Amberwood, Vanilla",0.3
Business,Night,Subtle,29812,Santal Vanille The 7 Virtues 2021 Eau de Parfum,The 7 Virtues,"Santal Vanille The 7 Virtues 2021 Eau de Parfum by The 7 Virtues | Notes: Coconut milk, Cardamom, Myrrh absolute, Violet | Vanilla, Cedarwood, Frankincense | Sri Lankan sandalwood, Cashmere, Cocoa absolute",0.6
Business,Night,Subtle,794,Agua Brava Puig 1998 Eau de Cologne,Puig,"Agua Brava Puig 1998 Eau de Cologne by Puig | Notes: Bergamot, Grapefruit, Mandarin orange | Cardamom, Star anise, Grebzor | Amber, Musk, Precious woods, Nastiness",0.1
Date Night,Evening,Fresh,7266,California Snow,What We Do Is Secret / A Lab on Fire,"California Snow by What We Do Is Secret / A Lab on Fire | Notes: Chamomile, Black sage, Tea, Sweetgrass | Hay, Rosebud, Jonquil, Cannabis | Cedar, Musk, Soil, Vetiver",0.6
Date Night,Evening,Fresh,1329,Al Wisam Evening,Rasasi,"Al Wisam Evening by Rasasi | Notes: Lavender, Lemon | Galbanum, Blackcurrant, Rose | Musk, Sandalwood",0.3
Date Night,Evening,Fresh,30172,Semi-Bespoke 10,Roja Parfums,"Semi-Bespoke 10 by Roja Parfums | Notes: Aldehydes, Bergamot, Mandarin orange | Peach, Violet, Ylang-ylang, Grasse jasmine, May rose | Ambergris, Cardamom, Cashmere wood, Cinnamon, Coriander, Frankincense, Iris, Sandalwood, Aniseed, Castoreum, Cedarwood, Clove, Myrrh, Oakmoss, Patchouli, Vanilla, Vetiver",0.2
Date Night,Evening,Fresh,15806,Gilio,Salvatore Ferragamo,"Gilio by Salvatore Ferragamo | Notes: Rose, Lilac, Infestation | Cedarwood, Iris | Mysore sandalwood, Vanilla",0.4
Date Night,Evening,Fresh,14172,Feels Like Summer Men,s.Oliver,"Feels Like Summer Men by s.Oliver | Notes: Lemon, Peppermint, Rhubarb | Geranium, Ginger, Lavender | Ambrox, Musk, Vetiver",0.7
Date Night,Evening,Mysterious,737,After Midnight Gold,Avroy Shlain,"After Midnight Gold by Avroy Shlain | Notes: Lavender, Bergamot, Nutmeg, Cinnamon, Mandarin orange, Petitgrain, Rosemary, Bregnotrix | Geranium, Green notes, Rosewood, Carnation, Pine needle, Moplonk | Oakmoss, Balsam fir, Tonka bean, Vetiver, Amber, Cedar, Leather, Musk",0.7
Date Night,Evening,Mysterious,3838,Aubusson Couleurs,Aubusson,"Aubusson Couleurs by Aubusson | Notes: Apple, Grape | Orris root, Patchouli, Drenzlor | Amber, Balsam, Musk, Vanilla",0.3
Date Night,Evening,Mysterious,20910,Lacoste Red Lacoste 2004 Lotion Après Rasage,Lacoste,"Lacoste Red Lacoste 2004 Lotion Après Rasage by Lacoste | Notes: Green apple, Arborvitae | Jasmine, Cedar leaf, Siberian stone pine | White musk, Patchouli, Vetiver",0.2
Date Night,Evening,Mysterious,23770,Michael for Men Michael Kors for Men Michael Kors 2001 Eau de Toilette,Michael Kors,"Michael for Men Michael Kors for Men Michael Kors 2001 Eau de Toilette by Michael Kors | Notes: Elemi resin, Cardamom, Coriander, Star anise, Tarragon, Thyme, Bergamot | Suede, Frankincense, Pipe tobacco | Sandalwood, Dried fruits, Plum, Patchouli",0.8
Date Night,Evening,Mysterious,5463,Black Label Women,s.Oliver,"Black Label Women by s.Oliver | Notes: Peach, Mandarin orange, Orange | Jasmine, Lilac, Rose | Cedarwood, Musk, Vanilla",0.1
Wedding,Afternoon,Bold,11658,Donna South Beach Essence,Sergio Tacchini,"Donna South Beach Essence by Sergio Tacchini | Notes: Bergamot, Lotus, Pineapple, Waterlily | Jasmine, Lily of the valley | Amber, Musk, Sandalwood, Vanilla",0.3
Wedding,Afternoon,Bold,32082,The Finest Oud EDP - 100 ml,COZY,"The Finest Oud EDP - 100 ml by COZY | Notes: Lemon | Raspberry | Amber, Musk, Sandalwood",0.2
Wedding,Afternoon,Bold,20220,L'Air du Temps Nuit Pourpre,Nina Ricci,"L'Air du Temps Nuit Pourpre by Nina Ricci | Notes: Jasmine, Pink pepper, Violet | Iris, Leather | Cedarwood, Patchouli, Styrax",0.6
Wedding,Afternoon,Bold,6463,Botica 214 - Dark Mint,O Boticário,"Botica 214 - Dark Mint by O Boticário | Notes: Bergamot, Moroccan mint, Pear | Atlas cedar Orpur®, Lavender, Violet leaf, Ylang-ylang | Amber Xtreme™, Cashmeran, Tonka bean",0.4
Wedding,Afternoon,Bold,35019,White Tea Vanilla Orchid,Elizabeth Arden,"White Tea Vanilla Orchid by Elizabeth Arden | Notes: Primofiore lemon, Bergamot, Quince, Elemi resin | Vanilla orchid, Jasmine, Gardenia, White tea | Amber, Musk, Vanilla, Ambrette seed, Florentine iris",0.7
Casual,Morning,Bold,25835,O - The Exclusive Parfum,Roja Parfums,"O - The Exclusive Parfum by Roja Parfums | Notes: Bergamot | Geranium, Raspberry, Orange blossom, Violet, Grasse jasmine, May rose | Oud, Cashmere wood, Leather, Pink pepper, Saffron, Ambergris, Amyris, Birch, Cedarwood, Cypriol, Elemi resin, Labdanum, Musk, Oakmoss, Patchouli, Sandalwood, Vanilla",0.3
Casual,Morning,Bold,8783,Cinéma Yves Saint Laurent 2004 Eau de Parfum,Yves Saint Laurent,"Cinéma Yves Saint Laurent 2004 Eau de Parfum by Yves Saint Laurent | Notes: Almond, Clementine, Cyclamen | Jasmine sambac, Amaryllis | Vanilla, Amber, White musk",0.6
Casual,Morning,Bold,26252,Orange Discrète,Le Labo,"Orange Discrète by Le Labo | Notes: Bergamot, Galbanum, Mandarin orange zest, Petitgrain | Cyclamen, Jasmine, Orange blossom | Cedarwood, Musk, Sandalwood, Vetiver",0.8
Casual,Morning,Bold,1024,Ajwaak Fajr Freshener - 500 ml,Ajwaak,"Ajwaak Fajr Freshener - 500 ml by Ajwaak | Notes: Vanilla | Musk, Cranberry | Rose and Fruity Blossom",0.7
Casual,Morning,Bold,16309,Golden State Warriors (NBA),Okaia,"Golden State Warriors (NBA) by Okaia | Notes: Bergamot, Elemi resin, Ginger, Mandarin orange | Cypress, Geranium, Marine notes, Mugwort | Cedarwood, Moss, Musk",0.4
Business,Night,Warm,9754,Cool Water Parfum for Her,Davidoff,Cool Water Parfum for Her by Davidoff | Notes: Rose | Haitian vetiver | Tonka bean,0.6
Business,Night,Warm,11719,Dr. Vranjes Firenze Ambra Candle - 200 g,Dr. Vranjes Firenze,Dr. Vranjes Firenze Ambra Candle - 200 g by Dr. Vranjes Firenze | Notes: Sandalwood,0.8
Business,Night,Warm,34578,VIP Club - Addictive Oriental,Mercedes-Benz,"VIP Club - Addictive Oriental by Mercedes-Benz | Notes: Paradisone®, Lemon zest, Mint | Fig leaf, Lavender, Clary sage | Tonka bean, Cashmere wood, Sandalwood",0.7
Business,Night,Warm,23383,Marte Battistoni Après Rasage,Battistoni,"Marte Battistoni Après Rasage by Battistoni | Notes: Grapefruit, Mandarin orange, Marine notes, Chemical | Jasmine, Laurel | Gaiac wood, Patchouli, Sewage",0.1
Business,Night,Warm,19786,Kasbah,19-69,"Kasbah by 19-69 | Notes: Lemon zest, Red berries, Orange | Mango, Praliné | Sandalwood, Cinnamon, Vanilla",0.3
Festival,Afternoon,Bold,22261,Lootah Bu Sultan Fragrant Oil,Lootah,Lootah Bu Sultan Fragrant Oil by Lootah | Notes: Lily | Oud | Wood,0.6
Festival,Afternoon,Bold,34475,Vierges et Toreros,Etat Libre d'Orange,"Vierges et Toreros by Etat Libre d'Orange | Notes: Cardamom, Bergamot, Pepper | Tuberose, Ylang-ylang | Leather, Patchouli, Vetiver",0.8
Festival,Afternoon,Bold,34363,Victoria's Secret Fearless,Victoria's Secret,Victoria's Secret Fearless by Victoria's Secret | Notes: Unknown | Unknown | Unknown,0.3
Festival,Afternoon,Bold,8656,Christos,Giardini di Toscana,"Christos by Giardini di Toscana | Notes: Frankincense, Amber Xtreme™, Bergamot | Patchouli, Cistus, Rose | Frankincense, Amber, Benzoin, Pink pepper, Sandalwood, Vanilla",0.7
Festival,Afternoon,Bold,14241,Fen Al Arab Al Fares / الفارس Eau de Parfum,Al Fares / الفارس,"Fen Al Arab Al Fares / الفارس Eau de Parfum by Al Fares / الفارس | Notes: Blackcurrant, Grapefruit, Pink pepper, Pungency | Bulgarian rose, Jasmine, Lily of the valley, Turkish rose, Glimzorith | Amber, Violet, White musk, Fume",0.9
